-- phpMyAdmin SQL Dump
-- version 5.2.1
-- https://www.phpmyadmin.net/
--
-- Host: 127.0.0.1
-- Generation Time: Jul 17, 2024 at 05:14 PM
-- Server version: 10.4.32-MariaDB
-- PHP Version: 8.2.12

SET SQL_MODE = "NO_AUTO_VALUE_ON_ZERO";
START TRANSACTION;
SET time_zone = "+00:00";


/*!40101 SET @OLD_CHARACTER_SET_CLIENT=@@CHARACTER_SET_CLIENT */;
/*!40101 SET @OLD_CHARACTER_SET_RESULTS=@@CHARACTER_SET_RESULTS */;
/*!40101 SET @OLD_COLLATION_CONNECTION=@@COLLATION_CONNECTION */;
/*!40101 SET NAMES utf8mb4 */;

--
-- Database: `payroll`
--

-- --------------------------------------------------------

--
-- Table structure for table `attendances`
--

CREATE TABLE `attendances` (
  `id` bigint(20) UNSIGNED NOT NULL,
  `user_id` bigint(20) UNSIGNED NOT NULL,
  `in_time` timestamp NULL DEFAULT NULL,
  `out_time` timestamp NULL DEFAULT NULL,
  `created_at` timestamp NULL DEFAULT NULL,
  `updated_at` timestamp NULL DEFAULT NULL
) ENGINE=InnoDB DEFAULT CHARSET=utf8mb4 COLLATE=utf8mb4_unicode_ci;

--
-- Dumping data for table `attendances`
--

INSERT INTO `attendances` (`id`, `user_id`, `in_time`, `out_time`, `created_at`, `updated_at`) VALUES
(1, 1, '2024-07-01 04:29:26', '2024-07-01 07:57:33', '2024-07-15 12:16:58', '2024-07-15 12:16:58'),
(2, 2, '2024-07-01 04:39:52', '2024-07-01 13:43:07', '2024-07-15 12:16:58', '2024-07-15 12:16:58'),
(3, 3, '2024-07-01 04:09:51', '2024-07-01 08:27:12', '2024-07-15 12:16:58', '2024-07-15 12:16:58'),
(4, 4, '2024-07-01 04:01:51', '2024-07-01 07:45:25', '2024-07-15 12:16:58', '2024-07-15 12:16:58'),
(5, 5, '2024-07-01 04:28:42', '2024-07-01 08:15:03', '2024-07-15 12:16:58', '2024-07-15 12:16:58'),
(6, 6, '2024-07-01 03:49:34', '2024-07-01 14:11:34', '2024-07-15 12:16:58', '2024-07-15 12:16:58'),
(7, 7, '2024-07-01 03:59:29', '2024-07-01 14:39:20', '2024-07-15 12:16:58', '2024-07-15 12:16:58'),
(8, 8, '2024-07-01 03:41:16', '2024-07-01 11:21:16', '2024-07-15 12:16:58', '2024-07-15 12:16:58'),
(9, 9, '2024-07-01 04:55:20', '2024-07-01 08:44:14', '2024-07-15 12:16:58', '2024-07-15 12:16:58'),
(10, 10, '2024-07-01 04:34:21', '2024-07-01 09:26:15', '2024-07-15 12:16:58', '2024-07-15 12:16:58'),
(11, 1, '2024-07-02 04:02:21', '2024-07-02 15:33:35', '2024-07-15 12:16:58', '2024-07-15 12:16:58'),
(12, 3, '2024-07-02 04:47:19', '2024-07-02 14:36:24', '2024-07-15 12:16:58', '2024-07-15 12:16:58'),
(13, 4, '2024-07-02 04:35:08', '2024-07-02 12:43:36', '2024-07-15 12:16:58', '2024-07-15 12:16:58'),
(14, 8, '2024-07-02 04:50:12', '2024-07-02 08:44:38', '2024-07-15 12:16:58', '2024-07-15 12:16:58'),
(15, 9, '2024-07-02 06:22:42', '2024-07-02 10:11:12', '2024-07-15 12:16:58', '2024-07-15 12:16:58'),
(16, 10, '2024-07-02 06:22:49', '2024-07-02 10:03:02', '2024-07-15 12:16:58', '2024-07-15 12:16:58'),
(17, 3, '2024-07-03 03:32:46', '2024-07-03 10:37:14', '2024-07-15 12:16:58', '2024-07-15 12:16:58'),
(18, 4, '2024-07-03 04:12:39', '2024-07-03 14:55:01', '2024-07-15 12:16:58', '2024-07-15 12:16:58'),
(19, 5, '2024-07-03 05:15:55', '2024-07-03 09:08:46', '2024-07-15 12:16:58', '2024-07-15 12:16:58'),
(20, 6, '2024-07-03 03:45:02', '2024-07-03 16:25:35', '2024-07-15 12:16:58', '2024-07-15 12:16:58'),
(21, 7, '2024-07-03 03:35:08', '2024-07-03 12:43:03', '2024-07-15 12:16:58', '2024-07-15 12:16:58'),
(22, 8, '2024-07-03 04:24:57', '2024-07-03 16:10:45', '2024-07-15 12:16:58', '2024-07-15 12:16:58'),
(23, 9, '2024-07-03 04:20:28', '2024-07-03 15:55:37', '2024-07-15 12:16:58', '2024-07-15 12:16:58'),
(24, 10, '2024-07-03 04:52:22', '2024-07-03 08:30:55', '2024-07-15 12:16:58', '2024-07-15 12:16:58'),
(25, 1, '2024-07-04 04:44:31', '2024-07-04 08:34:53', '2024-07-15 12:16:58', '2024-07-15 12:16:58'),
(26, 2, '2024-07-04 04:42:07', '2024-07-04 16:13:14', '2024-07-15 12:16:58', '2024-07-15 12:16:58'),
(27, 3, '2024-07-04 04:40:02', '2024-07-04 08:44:41', '2024-07-15 12:16:58', '2024-07-15 12:16:58'),
(28, 5, '2024-07-04 04:27:48', '2024-07-04 12:48:53', '2024-07-15 12:16:58', '2024-07-15 12:16:58'),
(29, 6, '2024-07-04 04:06:33', '2024-07-04 08:01:38', '2024-07-15 12:16:58', '2024-07-15 12:16:58'),
(30, 7, '2024-07-04 06:18:36', '2024-07-04 10:17:43', '2024-07-15 12:16:58', '2024-07-15 12:16:58'),
(31, 9, '2024-07-04 04:14:09', '2024-07-04 16:18:07', '2024-07-15 12:16:58', '2024-07-15 12:16:58'),
(32, 10, '2024-07-04 03:55:53', '2024-07-04 15:00:53', '2024-07-15 12:16:58', '2024-07-15 12:16:58'),
(33, 2, '2024-07-05 03:43:50', '2024-07-05 14:27:33', '2024-07-15 12:16:58', '2024-07-15 12:16:58'),
(34, 3, '2024-07-05 04:27:34', '2024-07-05 13:50:21', '2024-07-15 12:16:58', '2024-07-15 12:16:58'),
(35, 4, '2024-07-05 04:08:28', '2024-07-05 15:54:43', '2024-07-15 12:16:58', '2024-07-15 12:16:58'),
(36, 5, '2024-07-05 03:47:12', '2024-07-05 10:48:11', '2024-07-15 12:16:58', '2024-07-15 12:16:58'),
(37, 7, '2024-07-05 06:22:55', '2024-07-05 10:26:08', '2024-07-15 12:16:58', '2024-07-15 12:16:58'),
(38, 8, '2024-07-05 03:45:03', '2024-07-05 11:06:55', '2024-07-15 12:16:58', '2024-07-15 12:16:58'),
(39, 9, '2024-07-05 03:43:18', '2024-07-05 14:35:45', '2024-07-15 12:16:58', '2024-07-15 12:16:58'),
(40, 10, '2024-07-05 04:45:37', '2024-07-05 08:51:59', '2024-07-15 12:16:58', '2024-07-15 12:16:58'),
(41, 1, '2024-07-06 04:06:46', '2024-07-06 07:58:36', '2024-07-15 12:16:58', '2024-07-15 12:16:58'),
(42, 2, '2024-07-06 05:00:09', '2024-07-06 09:06:23', '2024-07-15 12:16:58', '2024-07-15 12:16:58'),
(43, 3, '2024-07-06 03:47:08', '2024-07-06 16:18:16', '2024-07-15 12:16:58', '2024-07-15 12:16:58'),
(44, 4, '2024-07-06 03:41:49', '2024-07-06 11:08:46', '2024-07-15 12:16:58', '2024-07-15 12:16:58'),
(45, 5, '2024-07-06 04:37:14', '2024-07-06 09:28:13', '2024-07-15 12:16:58', '2024-07-15 12:16:58'),
(46, 6, '2024-07-06 05:11:41', '2024-07-06 08:34:01', '2024-07-15 12:16:58', '2024-07-15 12:16:58'),
(47, 7, '2024-07-06 06:28:06', '2024-07-06 09:47:17', '2024-07-15 12:16:58', '2024-07-15 12:16:58'),
(48, 8, '2024-07-06 06:29:48', '2024-07-06 09:58:47', '2024-07-15 12:16:58', '2024-07-15 12:16:58'),
(49, 9, '2024-07-06 03:47:40', '2024-07-06 08:28:19', '2024-07-15 12:16:58', '2024-07-15 12:16:58'),
(50, 10, '2024-07-06 03:38:04', '2024-07-06 10:33:22', '2024-07-15 12:16:58', '2024-07-15 12:16:58'),
(51, 1, '2024-07-07 04:42:06', '2024-07-07 12:39:20', '2024-07-15 12:16:58', '2024-07-15 12:16:58'),
(52, 2, '2024-07-07 03:36:07', '2024-07-07 08:22:28', '2024-07-15 12:16:58', '2024-07-15 12:16:58'),
(53, 3, '2024-07-07 03:34:08', '2024-07-07 12:50:54', '2024-07-15 12:16:58', '2024-07-15 12:16:58'),
(54, 4, '2024-07-07 04:41:30', '2024-07-07 09:02:53', '2024-07-15 12:16:58', '2024-07-15 12:16:58'),
(55, 5, '2024-07-07 05:04:55', '2024-07-07 09:26:46', '2024-07-15 12:16:58', '2024-07-15 12:16:58'),
(56, 6, '2024-07-07 06:05:03', '2024-07-07 10:03:21', '2024-07-15 12:16:58', '2024-07-15 12:16:58'),
(57, 7, '2024-07-07 04:29:36', '2024-07-07 13:43:55', '2024-07-15 12:16:58', '2024-07-15 12:16:58'),
(58, 8, '2024-07-07 03:55:15', '2024-07-07 15:06:44', '2024-07-15 12:16:58', '2024-07-15 12:16:58'),
(59, 9, '2024-07-07 04:13:04', '2024-07-07 12:56:22', '2024-07-15 12:16:58', '2024-07-15 12:16:58'),
(60, 1, '2024-07-08 03:50:43', '2024-07-08 15:25:51', '2024-07-15 12:16:58', '2024-07-15 12:16:58'),
(61, 3, '2024-07-08 04:39:44', '2024-07-08 08:55:08', '2024-07-15 12:16:58', '2024-07-15 12:16:58'),
(62, 4, '2024-07-08 03:35:52', '2024-07-08 12:31:46', '2024-07-15 12:16:58', '2024-07-15 12:16:58'),
(63, 5, '2024-07-08 04:51:51', '2024-07-08 08:46:18', '2024-07-15 12:16:58', '2024-07-15 12:16:58'),
(64, 6, '2024-07-08 04:33:10', '2024-07-08 08:39:18', '2024-07-15 12:16:58', '2024-07-15 12:16:58'),
(65, 9, '2024-07-08 04:57:02', '2024-07-08 09:28:08', '2024-07-15 12:16:58', '2024-07-15 12:16:58'),
(66, 10, '2024-07-08 03:49:43', '2024-07-08 10:58:13', '2024-07-15 12:16:58', '2024-07-15 12:16:58'),
(67, 1, '2024-07-09 04:41:28', '2024-07-09 14:26:39', '2024-07-15 12:16:58', '2024-07-15 12:16:58'),
(68, 2, '2024-07-09 03:44:15', '2024-07-09 07:32:24', '2024-07-15 12:16:58', '2024-07-15 12:16:58'),
(69, 3, '2024-07-09 04:39:09', '2024-07-09 12:57:41', '2024-07-15 12:16:58', '2024-07-15 12:16:58'),
(70, 4, '2024-07-09 03:30:36', '2024-07-09 11:21:22', '2024-07-15 12:16:58', '2024-07-15 12:16:58'),
(71, 5, '2024-07-09 03:59:49', '2024-07-09 10:56:52', '2024-07-15 12:16:58', '2024-07-15 12:16:58'),
(72, 6, '2024-07-09 04:36:09', '2024-07-09 09:24:07', '2024-07-15 12:16:58', '2024-07-15 12:16:58'),
(73, 7, '2024-07-09 03:57:17', '2024-07-09 14:50:43', '2024-07-15 12:16:58', '2024-07-15 12:16:58'),
(74, 8, '2024-07-09 03:50:40', '2024-07-09 08:29:27', '2024-07-15 12:16:58', '2024-07-15 12:16:58'),
(75, 10, '2024-07-09 05:07:50', '2024-07-09 08:45:55', '2024-07-15 12:16:58', '2024-07-15 12:16:58'),
(76, 1, '2024-07-10 03:31:44', '2024-07-10 14:06:06', '2024-07-15 12:16:58', '2024-07-15 12:16:58'),
(77, 2, '2024-07-10 04:16:19', '2024-07-10 12:34:35', '2024-07-15 12:16:58', '2024-07-15 12:16:58'),
(78, 4, '2024-07-10 05:32:40', '2024-07-10 10:06:39', '2024-07-15 12:16:58', '2024-07-15 12:16:58'),
(79, 5, '2024-07-10 04:32:22', '2024-07-10 09:26:27', '2024-07-15 12:16:58', '2024-07-15 12:16:58'),
(80, 6, '2024-07-10 04:51:11', '2024-07-10 08:50:07', '2024-07-15 12:16:58', '2024-07-15 12:16:58'),
(81, 7, '2024-07-10 03:31:26', '2024-07-10 11:21:22', '2024-07-15 12:16:58', '2024-07-15 12:16:58'),
(82, 8, '2024-07-10 03:51:05', '2024-07-10 12:39:35', '2024-07-15 12:16:58', '2024-07-15 12:16:58'),
(83, 9, '2024-07-10 04:35:26', '2024-07-10 08:48:02', '2024-07-15 12:16:58', '2024-07-15 12:16:58'),
(84, 10, '2024-07-10 06:17:56', '2024-07-10 09:55:00', '2024-07-15 12:16:58', '2024-07-15 12:16:58'),
(85, 1, '2024-07-11 05:57:24', '2024-07-11 10:18:28', '2024-07-15 12:16:58', '2024-07-15 12:16:58'),
(86, 2, '2024-07-11 06:05:08', '2024-07-11 10:07:25', '2024-07-15 12:16:58', '2024-07-15 12:16:58'),
(87, 4, '2024-07-11 03:33:53', '2024-07-11 13:00:02', '2024-07-15 12:16:58', '2024-07-15 12:16:58'),
(88, 5, '2024-07-11 03:38:19', '2024-07-11 15:51:02', '2024-07-15 12:16:58', '2024-07-15 12:16:58'),
(89, 7, '2024-07-11 03:32:29', '2024-07-11 10:41:27', '2024-07-15 12:16:58', '2024-07-15 12:16:58'),
(90, 8, '2024-07-11 03:35:42', '2024-07-11 10:37:16', '2024-07-15 12:16:58', '2024-07-15 12:16:58'),
(91, 9, '2024-07-11 04:45:58', '2024-07-11 13:52:11', '2024-07-15 12:16:58', '2024-07-15 12:16:58'),
(92, 10, '2024-07-11 03:30:12', '2024-07-11 15:25:37', '2024-07-15 12:16:58', '2024-07-15 12:16:58'),
(93, 1, '2024-07-12 04:30:06', '2024-07-12 15:20:55', '2024-07-15 12:16:58', '2024-07-15 12:16:58'),
(94, 2, '2024-07-12 04:24:16', '2024-07-12 08:17:38', '2024-07-15 12:16:58', '2024-07-15 12:16:58'),
(95, 4, '2024-07-12 04:46:11', '2024-07-12 09:05:24', '2024-07-15 12:16:58', '2024-07-15 12:16:58'),
(96, 5, '2024-07-12 04:26:09', '2024-07-12 08:05:58', '2024-07-15 12:16:58', '2024-07-15 12:16:58'),
(97, 6, '2024-07-12 03:56:41', '2024-07-12 10:55:50', '2024-07-15 12:16:58', '2024-07-15 12:16:58'),
(98, 7, '2024-07-12 03:58:16', '2024-07-12 08:26:07', '2024-07-15 12:16:58', '2024-07-15 12:16:58'),
(99, 8, '2024-07-12 04:31:30', '2024-07-12 08:49:25', '2024-07-15 12:16:58', '2024-07-15 12:16:58'),
(100, 10, '2024-07-12 03:50:49', '2024-07-12 16:26:09', '2024-07-15 12:16:58', '2024-07-15 12:16:58'),
(101, 1, '2024-07-13 04:33:27', '2024-07-13 14:25:54', '2024-07-15 12:16:58', '2024-07-15 12:16:58'),
(102, 3, '2024-07-13 04:45:14', '2024-07-13 09:20:23', '2024-07-15 12:16:58', '2024-07-15 12:16:58'),
(103, 4, '2024-07-13 04:59:44', '2024-07-13 08:47:05', '2024-07-15 12:16:58', '2024-07-15 12:16:58'),
(104, 5, '2024-07-13 03:44:12', '2024-07-13 10:42:33', '2024-07-15 12:16:58', '2024-07-15 12:16:58'),
(105, 6, '2024-07-13 04:50:22', '2024-07-13 12:31:26', '2024-07-15 12:16:58', '2024-07-15 12:16:58'),
(106, 7, '2024-07-13 06:15:45', '2024-07-13 09:59:51', '2024-07-15 12:16:58', '2024-07-15 12:16:58'),
(107, 8, '2024-07-13 04:08:35', '2024-07-13 07:47:26', '2024-07-15 12:16:58', '2024-07-15 12:16:58'),
(108, 9, '2024-07-13 05:13:21', '2024-07-13 08:42:51', '2024-07-15 12:16:58', '2024-07-15 12:16:58'),
(109, 10, '2024-07-13 05:56:34', '2024-07-13 10:27:31', '2024-07-15 12:16:58', '2024-07-15 12:16:58'),
(110, 3, '2024-07-14 04:39:16', '2024-07-14 08:46:46', '2024-07-15 12:16:58', '2024-07-15 12:16:58'),
(111, 4, '2024-07-14 05:05:20', '2024-07-14 09:21:53', '2024-07-15 12:16:58', '2024-07-15 12:16:58'),
(112, 5, '2024-07-14 03:35:33', '2024-07-14 13:30:33', '2024-07-15 12:16:58', '2024-07-15 12:16:58'),
(113, 7, '2024-07-14 05:54:54', '2024-07-14 10:09:48', '2024-07-15 12:16:58', '2024-07-15 12:16:58'),
(114, 8, '2024-07-14 03:52:29', '2024-07-14 10:30:31', '2024-07-15 12:16:58', '2024-07-15 12:16:58'),
(115, 10, '2024-07-14 03:56:05', '2024-07-14 10:42:19', '2024-07-15 12:16:58', '2024-07-15 12:16:58'),
(116, 1, '2024-07-15 04:43:45', '2024-07-15 09:24:17', '2024-07-15 12:16:58', '2024-07-15 12:16:58'),
(117, 2, '2024-07-15 04:21:44', '2024-07-15 08:17:00', '2024-07-15 12:16:58', '2024-07-15 12:16:58'),
(118, 5, '2024-07-15 04:14:17', '2024-07-15 08:28:26', '2024-07-15 12:16:58', '2024-07-15 12:16:58'),
(119, 6, '2024-07-15 05:58:28', '2024-07-15 09:59:00', '2024-07-15 12:16:58', '2024-07-15 12:16:58'),
(120, 8, '2024-07-15 03:45:38', '2024-07-15 10:53:25', '2024-07-15 12:16:58', '2024-07-15 12:16:58'),
(121, 9, '2024-07-15 03:48:00', '2024-07-15 12:48:42', '2024-07-15 12:16:58', '2024-07-15 12:16:58'),
(122, 10, '2024-07-15 04:41:18', '2024-07-15 09:10:54', '2024-07-15 12:16:58', '2024-07-15 12:16:58'),
(123, 1, '2024-07-16 04:15:24', '2024-07-16 14:47:46', '2024-07-15 12:16:58', '2024-07-15 12:16:58'),
(124, 2, '2024-07-16 06:06:18', '2024-07-16 09:55:27', '2024-07-15 12:16:58', '2024-07-15 12:16:58'),
(125, 3, '2024-07-16 03:33:12', '2024-07-16 07:42:49', '2024-07-15 12:16:58', '2024-07-15 12:16:58'),
(126, 4, '2024-07-16 05:40:33', '2024-07-16 09:43:56', '2024-07-15 12:16:58', '2024-07-15 12:16:58'),
(127, 5, '2024-07-16 03:59:34', '2024-07-16 11:28:19', '2024-07-15 12:16:58', '2024-07-15 12:16:58'),
(128, 6, '2024-07-16 03:54:07', '2024-07-16 11:21:37', '2024-07-15 12:16:58', '2024-07-15 12:16:58'),
(129, 7, '2024-07-16 03:44:15', '2024-07-16 16:00:29', '2024-07-15 12:16:58', '2024-07-15 12:16:58'),
(130, 8, '2024-07-16 03:43:13', '2024-07-16 11:20:20', '2024-07-15 12:16:58', '2024-07-15 12:16:58'),
(131, 9, '2024-07-16 04:24:11', '2024-07-16 13:28:00', '2024-07-15 12:16:58', '2024-07-15 12:16:58'),
(132, 10, '2024-07-16 03:59:30', '2024-07-16 16:22:55', '2024-07-15 12:16:58', '2024-07-15 12:16:58'),
(133, 1, '2024-07-17 04:15:10', '2024-07-17 07:40:28', '2024-07-15 12:16:58', '2024-07-15 12:16:58'),
(134, 2, '2024-07-17 03:44:05', '2024-07-17 13:09:46', '2024-07-15 12:16:58', '2024-07-15 12:16:58'),
(135, 4, '2024-07-17 04:16:32', '2024-07-17 07:46:33', '2024-07-15 12:16:58', '2024-07-15 12:16:58'),
(136, 6, '2024-07-17 04:37:46', '2024-07-17 14:44:51', '2024-07-15 12:16:58', '2024-07-15 12:16:58'),
(137, 7, '2024-07-17 03:30:18', '2024-07-17 16:18:28', '2024-07-15 12:16:58', '2024-07-15 12:16:58'),
(138, 8, '2024-07-17 05:32:32', '2024-07-17 10:06:56', '2024-07-15 12:16:58', '2024-07-15 12:16:58'),
(139, 9, '2024-07-17 05:20:23', '2024-07-17 09:07:49', '2024-07-15 12:16:58', '2024-07-15 12:16:58'),
(140, 1, '2024-07-18 03:37:32', '2024-07-18 14:48:20', '2024-07-15 12:16:58', '2024-07-15 12:16:58'),
(141, 4, '2024-07-18 03:58:01', '2024-07-18 10:48:22', '2024-07-15 12:16:58', '2024-07-15 12:16:58'),
(142, 7, '2024-07-18 03:54:16', '2024-07-18 11:23:26', '2024-07-15 12:16:58', '2024-07-15 12:16:58'),
(143, 8, '2024-07-18 06:14:43', '2024-07-18 09:31:19', '2024-07-15 12:16:58', '2024-07-15 12:16:58'),
(144, 9, '2024-07-18 03:48:03', '2024-07-18 15:49:57', '2024-07-15 12:16:58', '2024-07-15 12:16:58'),
(145, 10, '2024-07-18 03:41:45', '2024-07-18 10:39:07', '2024-07-15 12:16:58', '2024-07-15 12:16:58'),
(146, 1, '2024-07-19 03:49:05', '2024-07-19 14:22:17', '2024-07-15 12:16:58', '2024-07-15 12:16:58'),
(147, 2, '2024-07-19 06:26:50', '2024-07-19 10:26:57', '2024-07-15 12:16:58', '2024-07-15 12:16:58'),
(148, 3, '2024-07-19 04:09:53', '2024-07-19 07:59:01', '2024-07-15 12:16:58', '2024-07-15 12:16:58'),
(149, 4, '2024-07-19 05:08:10', '2024-07-19 08:38:19', '2024-07-15 12:16:58', '2024-07-15 12:16:58'),
(150, 5, '2024-07-19 03:58:21', '2024-07-19 07:43:24', '2024-07-15 12:16:58', '2024-07-15 12:16:58'),
(151, 6, '2024-07-19 03:32:56', '2024-07-19 10:51:11', '2024-07-15 12:16:58', '2024-07-15 12:16:58'),
(152, 7, '2024-07-19 04:35:50', '2024-07-19 12:51:26', '2024-07-15 12:16:58', '2024-07-15 12:16:58'),
(153, 8, '2024-07-19 03:45:46', '2024-07-19 16:29:33', '2024-07-15 12:16:58', '2024-07-15 12:16:58'),
(154, 9, '2024-07-19 03:49:52', '2024-07-19 08:26:02', '2024-07-15 12:16:58', '2024-07-15 12:16:58'),
(155, 1, '2024-07-20 03:48:47', '2024-07-20 08:08:13', '2024-07-15 12:16:58', '2024-07-15 12:16:58'),
(156, 3, '2024-07-20 03:37:25', '2024-07-20 14:53:51', '2024-07-15 12:16:58', '2024-07-15 12:16:58'),
(157, 4, '2024-07-20 04:08:39', '2024-07-20 16:24:26', '2024-07-15 12:16:58', '2024-07-15 12:16:58'),
(158, 6, '2024-07-20 04:22:17', '2024-07-20 07:51:30', '2024-07-15 12:16:58', '2024-07-15 12:16:58'),
(159, 9, '2024-07-20 05:55:01', '2024-07-20 09:59:47', '2024-07-15 12:16:58', '2024-07-15 12:16:58'),
(160, 10, '2024-07-20 06:18:16', '2024-07-20 10:26:47', '2024-07-15 12:16:58', '2024-07-15 12:16:58'),
(161, 1, '2024-07-21 03:37:38', '2024-07-21 14:04:41', '2024-07-15 12:16:58', '2024-07-15 12:16:58'),
(162, 2, '2024-07-21 04:16:37', '2024-07-21 12:55:01', '2024-07-15 12:16:58', '2024-07-15 12:16:58'),
(163, 3, '2024-07-21 03:39:21', '2024-07-21 14:05:34', '2024-07-15 12:16:58', '2024-07-15 12:16:58'),
(164, 4, '2024-07-21 03:33:37', '2024-07-21 08:14:53', '2024-07-15 12:16:58', '2024-07-15 12:16:58'),
(165, 5, '2024-07-21 03:30:16', '2024-07-21 10:43:00', '2024-07-15 12:16:58', '2024-07-15 12:16:58'),
(166, 6, '2024-07-21 03:32:59', '2024-07-21 14:02:36', '2024-07-15 12:16:58', '2024-07-15 12:16:58'),
(167, 7, '2024-07-21 03:57:09', '2024-07-21 11:25:51', '2024-07-15 12:16:58', '2024-07-15 12:16:58'),
(168, 10, '2024-07-21 05:04:20', '2024-07-21 08:48:12', '2024-07-15 12:16:58', '2024-07-15 12:16:58'),
(169, 1, '2024-07-22 05:49:20', '2024-07-22 09:34:09', '2024-07-15 12:16:58', '2024-07-15 12:16:58'),
(170, 3, '2024-07-22 03:50:19', '2024-07-22 13:49:23', '2024-07-15 12:16:58', '2024-07-15 12:16:58'),
(171, 4, '2024-07-22 06:04:03', '2024-07-22 09:56:17', '2024-07-15 12:16:58', '2024-07-15 12:16:58'),
(172, 5, '2024-07-22 03:59:12', '2024-07-22 08:17:34', '2024-07-15 12:16:58', '2024-07-15 12:16:58'),
(173, 6, '2024-07-22 04:23:03', '2024-07-22 08:00:44', '2024-07-15 12:16:58', '2024-07-15 12:16:58'),
(174, 8, '2024-07-22 06:12:10', '2024-07-22 10:27:10', '2024-07-15 12:16:59', '2024-07-15 12:16:59'),
(175, 9, '2024-07-22 03:44:58', '2024-07-22 12:57:04', '2024-07-15 12:16:59', '2024-07-15 12:16:59'),
(176, 10, '2024-07-22 05:47:54', '2024-07-22 09:30:37', '2024-07-15 12:16:59', '2024-07-15 12:16:59'),
(177, 1, '2024-07-23 03:50:03', '2024-07-23 13:39:53', '2024-07-15 12:16:59', '2024-07-15 12:16:59'),
(178, 2, '2024-07-23 05:50:42', '2024-07-23 10:27:04', '2024-07-15 12:16:59', '2024-07-15 12:16:59'),
(179, 3, '2024-07-23 05:29:40', '2024-07-23 08:46:13', '2024-07-15 12:16:59', '2024-07-15 12:16:59'),
(180, 4, '2024-07-23 05:13:20', '2024-07-23 09:08:01', '2024-07-15 12:16:59', '2024-07-15 12:16:59'),
(181, 6, '2024-07-23 03:52:30', '2024-07-23 13:29:14', '2024-07-15 12:16:59', '2024-07-15 12:16:59'),
(182, 7, '2024-07-23 03:59:32', '2024-07-23 10:31:25', '2024-07-15 12:16:59', '2024-07-15 12:16:59'),
(183, 10, '2024-07-23 03:36:05', '2024-07-23 10:49:39', '2024-07-15 12:16:59', '2024-07-15 12:16:59'),
(184, 2, '2024-07-24 03:57:43', '2024-07-24 07:31:39', '2024-07-15 12:16:59', '2024-07-15 12:16:59'),
(185, 3, '2024-07-24 04:30:15', '2024-07-24 09:04:48', '2024-07-15 12:16:59', '2024-07-15 12:16:59'),
(186, 4, '2024-07-24 03:39:31', '2024-07-24 10:58:53', '2024-07-15 12:16:59', '2024-07-15 12:16:59'),
(187, 5, '2024-07-24 03:49:36', '2024-07-24 08:28:42', '2024-07-15 12:16:59', '2024-07-15 12:16:59'),
(188, 8, '2024-07-24 04:58:58', '2024-07-24 15:12:38', '2024-07-15 12:16:59', '2024-07-15 12:16:59'),
(189, 9, '2024-07-24 03:44:17', '2024-07-24 12:38:54', '2024-07-15 12:16:59', '2024-07-15 12:16:59'),
(190, 10, '2024-07-24 03:47:04', '2024-07-24 15:00:43', '2024-07-15 12:16:59', '2024-07-15 12:16:59'),
(191, 1, '2024-07-25 04:30:40', '2024-07-25 09:05:53', '2024-07-15 12:16:59', '2024-07-15 12:16:59'),
(192, 2, '2024-07-25 04:27:04', '2024-07-25 07:49:19', '2024-07-15 12:16:59', '2024-07-15 12:16:59'),
(193, 3, '2024-07-25 06:16:39', '2024-07-25 10:11:30', '2024-07-15 12:16:59', '2024-07-15 12:16:59'),
(194, 4, '2024-07-25 04:01:17', '2024-07-25 14:39:11', '2024-07-15 12:16:59', '2024-07-15 12:16:59'),
(195, 5, '2024-07-25 05:14:49', '2024-07-25 09:22:18', '2024-07-15 12:16:59', '2024-07-15 12:16:59'),
(196, 6, '2024-07-25 05:53:12', '2024-07-25 10:11:55', '2024-07-15 12:16:59', '2024-07-15 12:16:59'),
(197, 7, '2024-07-25 05:59:33', '2024-07-25 10:22:49', '2024-07-15 12:16:59', '2024-07-15 12:16:59'),
(198, 8, '2024-07-25 05:45:39', '2024-07-25 09:37:13', '2024-07-15 12:16:59', '2024-07-15 12:16:59'),
(199, 9, '2024-07-25 03:52:20', '2024-07-25 13:32:30', '2024-07-15 12:16:59', '2024-07-15 12:16:59'),
(200, 10, '2024-07-25 03:51:56', '2024-07-25 11:14:56', '2024-07-15 12:16:59', '2024-07-15 12:16:59'),
(201, 1, '2024-07-26 03:58:36', '2024-07-26 14:45:22', '2024-07-15 12:16:59', '2024-07-15 12:16:59'),
(202, 2, '2024-07-26 04:51:59', '2024-07-26 08:54:52', '2024-07-15 12:16:59', '2024-07-15 12:16:59'),
(203, 3, '2024-07-26 03:51:41', '2024-07-26 10:49:06', '2024-07-15 12:16:59', '2024-07-15 12:16:59'),
(204, 4, '2024-07-26 05:27:26', '2024-07-26 08:46:02', '2024-07-15 12:16:59', '2024-07-15 12:16:59'),
(205, 5, '2024-07-26 03:55:45', '2024-07-26 10:43:19', '2024-07-15 12:16:59', '2024-07-15 12:16:59'),
(206, 6, '2024-07-26 03:49:06', '2024-07-26 11:22:22', '2024-07-15 12:16:59', '2024-07-15 12:16:59'),
(207, 7, '2024-07-26 04:46:03', '2024-07-26 15:32:34', '2024-07-15 12:16:59', '2024-07-15 12:16:59'),
(208, 8, '2024-07-26 04:40:46', '2024-07-26 15:26:53', '2024-07-15 12:16:59', '2024-07-15 12:16:59'),
(209, 9, '2024-07-26 04:28:54', '2024-07-26 12:47:56', '2024-07-15 12:16:59', '2024-07-15 12:16:59'),
(210, 10, '2024-07-26 03:58:51', '2024-07-26 08:23:19', '2024-07-15 12:16:59', '2024-07-15 12:16:59'),
(211, 1, '2024-07-27 05:07:27', '2024-07-27 09:20:35', '2024-07-15 12:16:59', '2024-07-15 12:16:59'),
(212, 3, '2024-07-27 03:45:51', '2024-07-27 10:43:37', '2024-07-15 12:16:59', '2024-07-15 12:16:59'),
(213, 4, '2024-07-27 03:38:19', '2024-07-27 16:21:25', '2024-07-15 12:16:59', '2024-07-15 12:16:59'),
(214, 5, '2024-07-27 04:02:41', '2024-07-27 08:21:39', '2024-07-15 12:16:59', '2024-07-15 12:16:59'),
(215, 6, '2024-07-27 03:43:49', '2024-07-27 07:33:57', '2024-07-15 12:16:59', '2024-07-15 12:16:59'),
(216, 7, '2024-07-27 03:43:07', '2024-07-27 10:59:51', '2024-07-15 12:16:59', '2024-07-15 12:16:59'),
(217, 8, '2024-07-27 04:34:45', '2024-07-27 09:10:11', '2024-07-15 12:16:59', '2024-07-15 12:16:59'),
(218, 9, '2024-07-27 04:55:21', '2024-07-27 09:18:15', '2024-07-15 12:16:59', '2024-07-15 12:16:59'),
(219, 10, '2024-07-27 03:36:33', '2024-07-27 15:29:37', '2024-07-15 12:16:59', '2024-07-15 12:16:59'),
(220, 1, '2024-07-28 04:06:32', '2024-07-28 08:29:44', '2024-07-15 12:16:59', '2024-07-15 12:16:59'),
(221, 3, '2024-07-28 05:02:30', '2024-07-28 08:53:07', '2024-07-15 12:16:59', '2024-07-15 12:16:59'),
(222, 4, '2024-07-28 04:28:13', '2024-07-28 07:38:27', '2024-07-15 12:16:59', '2024-07-15 12:16:59'),
(223, 5, '2024-07-28 04:08:29', '2024-07-28 07:43:54', '2024-07-15 12:16:59', '2024-07-15 12:16:59'),
(224, 6, '2024-07-28 03:33:23', '2024-07-28 07:35:43', '2024-07-15 12:16:59', '2024-07-15 12:16:59'),
(225, 7, '2024-07-28 04:23:08', '2024-07-28 14:15:08', '2024-07-15 12:16:59', '2024-07-15 12:16:59'),
(226, 9, '2024-07-28 03:49:29', '2024-07-28 10:51:54', '2024-07-15 12:16:59', '2024-07-15 12:16:59'),
(227, 10, '2024-07-28 03:30:14', '2024-07-28 10:39:13', '2024-07-15 12:16:59', '2024-07-15 12:16:59'),
(228, 1, '2024-07-29 03:40:31', '2024-07-29 08:11:26', '2024-07-15 12:16:59', '2024-07-15 12:16:59'),
(229, 2, '2024-07-29 06:14:43', '2024-07-29 10:13:33', '2024-07-15 12:16:59', '2024-07-15 12:16:59'),
(230, 3, '2024-07-29 03:36:47', '2024-07-29 11:25:23', '2024-07-15 12:16:59', '2024-07-15 12:16:59'),
(231, 4, '2024-07-29 03:51:08', '2024-07-29 10:49:39', '2024-07-15 12:16:59', '2024-07-15 12:16:59'),
(232, 5, '2024-07-29 03:42:15', '2024-07-29 10:30:29', '2024-07-15 12:16:59', '2024-07-15 12:16:59'),
(233, 6, '2024-07-29 05:09:18', '2024-07-29 08:35:11', '2024-07-15 12:16:59', '2024-07-15 12:16:59'),
(234, 7, '2024-07-29 03:49:59', '2024-07-29 08:06:14', '2024-07-15 12:16:59', '2024-07-15 12:16:59'),
(235, 8, '2024-07-29 05:26:50', '2024-07-29 08:32:19', '2024-07-15 12:16:59', '2024-07-15 12:16:59'),
(236, 9, '2024-07-29 03:49:54', '2024-07-29 11:27:53', '2024-07-15 12:16:59', '2024-07-15 12:16:59'),
(237, 1, '2024-07-30 04:22:13', '2024-07-30 07:59:15', '2024-07-15 12:16:59', '2024-07-15 12:16:59'),
(238, 2, '2024-07-30 04:39:49', '2024-07-30 15:40:03', '2024-07-15 12:16:59', '2024-07-15 12:16:59'),
(239, 3, '2024-07-30 04:13:31', '2024-07-30 14:53:17', '2024-07-15 12:16:59', '2024-07-15 12:16:59'),
(240, 4, '2024-07-30 05:04:36', '2024-07-30 09:15:07', '2024-07-15 12:16:59', '2024-07-15 12:16:59'),
(241, 5, '2024-07-30 04:12:03', '2024-07-30 14:18:48', '2024-07-15 12:16:59', '2024-07-15 12:16:59'),
(242, 6, '2024-07-30 03:55:47', '2024-07-30 11:28:28', '2024-07-15 12:16:59', '2024-07-15 12:16:59'),
(243, 7, '2024-07-30 03:41:59', '2024-07-30 11:29:34', '2024-07-15 12:16:59', '2024-07-15 12:16:59'),
(244, 9, '2024-07-30 04:09:36', '2024-07-30 07:52:55', '2024-07-15 12:16:59', '2024-07-15 12:16:59'),
(245, 10, '2024-07-30 05:33:52', '2024-07-30 10:05:57', '2024-07-15 12:16:59', '2024-07-15 12:16:59'),
(246, 1, '2024-07-31 04:53:20', '2024-07-31 09:06:37', '2024-07-15 12:16:59', '2024-07-15 12:16:59'),
(247, 2, '2024-07-31 03:59:12', '2024-07-31 08:29:15', '2024-07-15 12:16:59', '2024-07-15 12:16:59'),
(248, 3, '2024-07-31 03:53:14', '2024-07-31 15:09:17', '2024-07-15 12:16:59', '2024-07-15 12:16:59'),
(249, 4, '2024-07-31 03:30:01', '2024-07-31 15:29:12', '2024-07-15 12:16:59', '2024-07-15 12:16:59'),
(250, 5, '2024-07-31 05:03:09', '2024-07-31 08:49:38', '2024-07-15 12:16:59', '2024-07-15 12:16:59'),
(251, 7, '2024-07-31 03:56:51', '2024-07-31 11:06:57', '2024-07-15 12:16:59', '2024-07-15 12:16:59');

-- --------------------------------------------------------

--
-- Table structure for table `failed_jobs`
--

CREATE TABLE `failed_jobs` (
  `id` bigint(20) UNSIGNED NOT NULL,
  `uuid` varchar(255) NOT NULL,
  `connection` text NOT NULL,
  `queue` text NOT NULL,
  `payload` longtext NOT NULL,
  `exception` longtext NOT NULL,
  `failed_at` timestamp NOT NULL DEFAULT current_timestamp()
) ENGINE=InnoDB DEFAULT CHARSET=utf8mb4 COLLATE=utf8mb4_unicode_ci;

-- --------------------------------------------------------

--
-- Table structure for table `migrations`
--

CREATE TABLE `migrations` (
  `id` int(10) UNSIGNED NOT NULL,
  `migration` varchar(255) NOT NULL,
  `batch` int(11) NOT NULL
) ENGINE=InnoDB DEFAULT CHARSET=utf8mb4 COLLATE=utf8mb4_unicode_ci;

--
-- Dumping data for table `migrations`
--

INSERT INTO `migrations` (`id`, `migration`, `batch`) VALUES
(1, '2014_10_12_000000_create_users_table', 1),
(2, '2014_10_12_100000_create_password_reset_tokens_table', 1),
(3, '2019_08_19_000000_create_failed_jobs_table', 1),
(4, '2019_12_14_000001_create_personal_access_tokens_table', 1),
(6, '2024_07_15_093044_create_attendances_table', 2);

-- --------------------------------------------------------

--
-- Table structure for table `password_reset_tokens`
--

CREATE TABLE `password_reset_tokens` (
  `email` varchar(255) NOT NULL,
  `token` varchar(255) NOT NULL,
  `created_at` timestamp NULL DEFAULT NULL
) ENGINE=InnoDB DEFAULT CHARSET=utf8mb4 COLLATE=utf8mb4_unicode_ci;

-- --------------------------------------------------------

--
-- Table structure for table `personal_access_tokens`
--

CREATE TABLE `personal_access_tokens` (
  `id` bigint(20) UNSIGNED NOT NULL,
  `tokenable_type` varchar(255) NOT NULL,
  `tokenable_id` bigint(20) UNSIGNED NOT NULL,
  `name` varchar(255) NOT NULL,
  `token` varchar(64) NOT NULL,
  `abilities` text DEFAULT NULL,
  `last_used_at` timestamp NULL DEFAULT NULL,
  `expires_at` timestamp NULL DEFAULT NULL,
  `created_at` timestamp NULL DEFAULT NULL,
  `updated_at` timestamp NULL DEFAULT NULL
) ENGINE=InnoDB DEFAULT CHARSET=utf8mb4 COLLATE=utf8mb4_unicode_ci;

-- --------------------------------------------------------

--
-- Table structure for table `users`
--

CREATE TABLE `users` (
  `id` bigint(20) UNSIGNED NOT NULL,
  `name` varchar(255) NOT NULL,
  `email` varchar(255) NOT NULL,
  `email_verified_at` timestamp NULL DEFAULT NULL,
  `password` varchar(255) NOT NULL,
  `remember_token` varchar(100) DEFAULT NULL,
  `created_at` timestamp NULL DEFAULT NULL,
  `updated_at` timestamp NULL DEFAULT NULL
) ENGINE=InnoDB DEFAULT CHARSET=utf8mb4 COLLATE=utf8mb4_unicode_ci;

--
-- Dumping data for table `users`
--

INSERT INTO `users` (`id`, `name`, `email`, `email_verified_at`, `password`, `remember_token`, `created_at`, `updated_at`) VALUES
(1, 'User 1', 'user1@example.com', NULL, '$2y$10$TR02R22ZtBZCMQ8PV1HwveGS/xu3IYIn5okzTyY6LWwaSQR0eqIxq', NULL, '2024-07-15 12:16:57', '2024-07-15 12:16:57'),
(2, 'User 2', 'user2@example.com', NULL, '$2y$10$4ty6AQJGK45zuk0UzFd1se4wnpOeN8Jaj3tNSA/lZIGx4x/wFTYQi', NULL, '2024-07-15 12:16:57', '2024-07-15 12:16:57'),
(3, 'User 3', 'user3@example.com', NULL, '$2y$10$otPVDOzYEhlRgWlmH9p9TeA.Cq4hYd0RNDnIHpZowFVUqPl4soxUu', NULL, '2024-07-15 12:16:57', '2024-07-15 12:16:57'),
(4, 'User 4', 'user4@example.com', NULL, '$2y$10$hXeQkKNiT8gdVY/P.eEEu.QKc8rEsc5lZ1fbYeDEVHYca1UbFlB7S', NULL, '2024-07-15 12:16:57', '2024-07-15 12:16:57'),
(5, 'User 5', 'user5@example.com', NULL, '$2y$10$HKqNHv1jf1gZCS7UOoFJBuj1e116FMA9mmW53gzIH7e004nfnd/em', NULL, '2024-07-15 12:16:58', '2024-07-15 12:16:58'),
(6, 'User 6', 'user6@example.com', NULL, '$2y$10$VeSNns5Yi4DVWvBxK2QbVekmsMMiWSOA8jhS4wWT.NhuMe5SHJiwi', NULL, '2024-07-15 12:16:58', '2024-07-15 12:16:58'),
(7, 'User 7', 'user7@example.com', NULL, '$2y$10$vpmbVAp1Cx3dk7HO48GgC.cvvJpuwFLWU7MXO2JaoMYaK/eli/qMi', NULL, '2024-07-15 12:16:58', '2024-07-15 12:16:58'),
(8, 'User 8', 'user8@example.com', NULL, '$2y$10$5J.esviiWwHivIns.dkLtODp/vW6GnAVRye/MMJxNkgLzRMoH8z06', NULL, '2024-07-15 12:16:58', '2024-07-15 12:16:58'),
(9, 'User 9', 'user9@example.com', NULL, '$2y$10$1dq9OdCLW2MdedCjuAJa8OeO845pPK57Lm0972JoC9he7qYxTa12q', NULL, '2024-07-15 12:16:58', '2024-07-15 12:16:58'),
(10, 'User 10', 'user10@example.com', NULL, '$2y$10$seSn1.HanAlC06BIxs16NOJUTMmoNznNnlTAzWFe6Fkq4gOXyl9fS', NULL, '2024-07-15 12:16:58', '2024-07-15 12:16:58');

--
-- Indexes for dumped tables
--

--
-- Indexes for table `attendances`
--
ALTER TABLE `attendances`
  ADD PRIMARY KEY (`id`),
  ADD KEY `attendances_user_id_foreign` (`user_id`);

--
-- Indexes for table `failed_jobs`
--
ALTER TABLE `failed_jobs`
  ADD PRIMARY KEY (`id`),
  ADD UNIQUE KEY `failed_jobs_uuid_unique` (`uuid`);

--
-- Indexes for table `migrations`
--
ALTER TABLE `migrations`
  ADD PRIMARY KEY (`id`);

--
-- Indexes for table `password_reset_tokens`
--
ALTER TABLE `password_reset_tokens`
  ADD PRIMARY KEY (`email`);

--
-- Indexes for table `personal_access_tokens`
--
ALTER TABLE `personal_access_tokens`
  ADD PRIMARY KEY (`id`),
  ADD UNIQUE KEY `personal_access_tokens_token_unique` (`token`),
  ADD KEY `personal_access_tokens_tokenable_type_tokenable_id_index` (`tokenable_type`,`tokenable_id`);

--
-- Indexes for table `users`
--
ALTER TABLE `users`
  ADD PRIMARY KEY (`id`),
  ADD UNIQUE KEY `users_email_unique` (`email`);

--
-- AUTO_INCREMENT for dumped tables
--

--
-- AUTO_INCREMENT for table `attendances`
--
ALTER TABLE `attendances`
  MODIFY `id` bigint(20) UNSIGNED NOT NULL AUTO_INCREMENT, AUTO_INCREMENT=252;

--
-- AUTO_INCREMENT for table `failed_jobs`
--
ALTER TABLE `failed_jobs`
  MODIFY `id` bigint(20) UNSIGNED NOT NULL AUTO_INCREMENT;

--
-- AUTO_INCREMENT for table `migrations`
--
ALTER TABLE `migrations`
  MODIFY `id` int(10) UNSIGNED NOT NULL AUTO_INCREMENT, AUTO_INCREMENT=7;

--
-- AUTO_INCREMENT for table `personal_access_tokens`
--
ALTER TABLE `personal_access_tokens`
  MODIFY `id` bigint(20) UNSIGNED NOT NULL AUTO_INCREMENT;

--
-- AUTO_INCREMENT for table `users`
--
ALTER TABLE `users`
  MODIFY `id` bigint(20) UNSIGNED NOT NULL AUTO_INCREMENT, AUTO_INCREMENT=11;

--
-- Constraints for dumped tables
--

--
-- Constraints for table `attendances`
--
ALTER TABLE `attendances`
  ADD CONSTRAINT `attendances_user_id_foreign` FOREIGN KEY (`user_id`) REFERENCES `users` (`id`) ON DELETE CASCADE;
COMMIT;

/*!40101 SET CHARACTER_SET_CLIENT=@OLD_CHARACTER_SET_CLIENT */;
/*!40101 SET CHARACTER_SET_RESULTS=@OLD_CHARACTER_SET_RESULTS */;
/*!40101 SET COLLATION_CONNECTION=@OLD_COLLATION_CONNECTION */;
